# v1.2.110 _redirects

https://docs.snooey.com/documents/* https://docs.snooey.com/documents/:splat 200
https://docs.snooey.com/videos/* https://docs.snooey.com/videos/:splat 200
https://code.snooey.com/tools/* https://tools.snooey.com/code/:splat 200
https://blog.snooey.com/blogs/* https://blog.snooey.com/blogs/:splat 200
https://hello.snooey.com/hello/* https://hello.snooey.com/hello/:splat 200

# main headings
/docs/* https://docs.snooey.com/:splat 301!
/code/* https://code.snooey.com/:splat 301!
/tools/* https://tools.snooey.com/:splat 301!
/blogs/* https://blog.snooey.com/:splat 301!
/hello/* https://hello.snooey.com/:splat 301!

# redirect subdomains  
/index.html https://snooey.com/ 301!
/docs.html https://docs.snooey.com/ 301!
/code.html https://code.snooey.com/ 301!
/blogs.html https://blog.snooey.com/ 301!
/hello.html https://hello.snooey.com/ 301!
/tools.html https://tools.snooey.com/ 301!

# redirect docs
/documents/* https://docs.snooey.com/documents/:splat 301!
/videos/* https://docs.snooey.com/videos/:splat 301!

# redirect code
/code/* https://code.snooey.com/code/:splat 301!
/snippets/* https://code.snooey.com/snippets/:splat 301!
/automate/* https://tools.snooey.com/automate/:splat 301!

# redirect blog
/blogs/* https://blog.snooey.com/blogs/:splat 301!

# redirect hello
/hello/* https://hello.snooey.com/hello/:splat 301!

# proxy subdomain to file
https://snooey.com /index.html 200!
https://code.snooey.com /code.html 200!
https://docs.snooey.com /docs.html 200!
https://blog.snooey.com /blogs.html 200!
https://hello.snooey.com /hello.html 200!
https://tools.snooey.com /tools.html 200!

#
https://snooey.com/index.html /index.html 200!
https://code.snooey.com/tool.html /code.html 200!
https://docs.snooey.com/docs.html /docs.html 200!
https://blog.snooey.com/blogs.html /blogs.html 200!
https://hello.snooey.com/hello.html /hello.html 200!
https://tools.snooey.com/hello.html /tools.html 200!